{
  "Materias": [
    {
      "Nombre": "Intro a la matematica",
      "Codigo": "uu-99",
      "HoraInicio": 11,
      "HoraFin": 12
    },
    {
      "Nombre": "Matematica I",
      "Codigo": "uu-98",
      "HoraInicio": 11,
      "HoraFin": 12
    },
    {
      "Nombre": "Matematica II",
      "Codigo": "mj-89",
      "HoraInicio": 10,
      "HoraFin": 12
    },
    {
      "Nombre": "Algebra  Lineal",
      "Codigo": "Al-09",
      "HoraInicio": 8,
      "HoraFin": 12
    },
    {
      "Nombre": "Calculo en varias variables",
      "Codigo": "Cl-22",
      "HoraInicio": 8,
      "HoraFin": 9
    },
    {
      "Nombre": "Calculo I",
      "Codigo": "Fi-23",
      "HoraInicio": 8,
      "HoraFin": 12
    },
    {
      "Nombre": "Calculo II",
      "Codigo": "Cl-23",
      "HoraInicio": 18,
      "HoraFin": 22
    },
    {
      "Nombre": "Calculo III",
      "Codigo": "Cl-03",
      "HoraInicio": 18,
      "HoraFin": 22
    },
    {
      "Nombre": "Calculo IV",
      "Codigo": "Cl-66",
      "HoraInicio": 15,
      "HoraFin": 18
    },
    {
      "Nombre": "Intro a la Algebra",
      "Codigo": "AL-01",
      "HoraInicio": 15,
      "HoraFin": 18
    },
    {
      "Nombre": "Algebra II",
      "Codigo": "AL-78",
      "HoraInicio": 12,
      "HoraFin": 16
    },
    {
      "Nombre": "Algebra III",
      "Codigo": "aL-78",
      "HoraInicio": 12,
      "HoraFin": 16
    },
    {
      "Nombre": "Intro al Calculo",
      "Codigo": "IC-78",
      "HoraInicio": 12,
      "HoraFin": 16
    }
  ]
}